{"cameraMode":{"drawMode":0,"name":"Shaded","section":"Shading Mode"},"sceneLighting":true,"audioPlay":false,"sceneViewState":{"showFog":true,"showMaterialUpdate":false,"showSkybox":true,"showFlares":true,"showImageEffects":true,"showParticleSystems":true},"in2DMode":false,"pivot":{"x":41.2859992980957,"y":24.582000732421876,"z":109.0},"rotation":{"x":-0.03108234331011772,"y":-0.5686880350112915,"z":0.02151232212781906,"w":-0.8216874003410339},"size":3.6073946952819826,"orthographic":false}